1,Portpark,Eksporta iela 20,Pētersala
130,ParkExpert,Ķīšezera iela 6,Mežaparks
3,Portpark,A. Saharova iela 23B,Pļavnieki
69,Strongpark,Gunāra Astras iela 1C,Purvciems
6,Strongpark,Ulbrokas 18a,Pļavnieki
134,ParkExpert,Uriekstes iela 3a,Sarkandaugava
8,Strongpark,Viestura prospekts 65,Sarkandaugava
73,Strongpark,Stirnu iela 26,Purvciems
75,Strongpark,Vienības gatve 95,Atgāzene
139,ParkExpert,Uriekstes iela 3,Sarkandaugava
13,Strongpark,Brīvības iela 335,Jugla
79,Strongpark,Krišjāņa Valdemāra iela 118,Brasa
80,Strongpark,Uriekstes iela 2A,Sarkandaugava
144,ParkExpert,Sāremas iela 1d,Sarkandaugava
17,Strongpark,Graudu iela 68,Āgenskalns
20,Strongpark,Ulbrokas iela 23,Dreiliņi
84,Strongpark,Margrietas iela 7,Āgenskalns
149,ParkExpert,Brīvības gatve 401C,Jugla
87,Strongpark,Mārkalnes iela 10,Jugla
24,Strongpark,Jūrmalas gatve 78 D,Imanta
154,ParkExpert,Juglas 2a,Jugla
92,Strongpark,Brīvības gatve 333,Jugla
30,Strongpark,Tilta iela 32,Sarkandaugava
159,ParkExpert,Hipokrāta iela 17,Mežciems
96,Strongpark,Latgales iela 250A,Ķengarags
34,Strongpark,Bieķensalas iela 21,Torņakalns
99,Strongpark,Ieriķu iela 67A,Teika
164,ParkExpert,Ulbrokas 34,Dreiliņi
40,Strongpark,Lielirbes iela 1,Pleskodāle
104,Strongpark,Pildas iela 15,Dārzciems
107,ParkExpert,Skuju iela 15,Vecmīlgrāvis
45,Strongpark,Augusta Deglava iela 66,Dārzciems
112,ParkExpert,Mīlgrāvja iela 14,Mīlgrāvis
52,Strongpark,Dārzciema iela 60,Dārzciems
116,ParkExpert,Feldmaņa iela 9,Mežaparks
59,Strongpark,Kauguru iela 6,Pleskodāle
61,Strongpark,Kauguru iela 9,Pleskodāle
126,ParkExpert,Duntes iela 17,Sarkandaugava
63,Strongpark,Vaiņodes iela 2,Ziepniekkalns
169,ParkExpert,Andrejostas 3,Pētersala
174,ParkExpert,Sporta iela 15,Skanste
178,ParkExpert,Klusā iela 14,Brasa
183,ParkExpert,Kurzemes prospekts 15A,Imanta
187,ParkExpert,Anniņmuižas iela 2C,Zolitūde
192,ParkExpert,Jūrkalnes iela 1,Šampēteris
197,ParkExpert,Mežotnes iela 57,Bieriņi
201,ParkExpert,Valdeķu iela 49,Ziepniekkalns
206,ParkExpert,Lucavsalas iela 1,Salas
208,ParkExpert,Mūkusalas iela 47,Torņakalns
212,ParkExpert,Latgales iela 258B,Ķengarags
217,ParkExpert,Krasta iela 68,Latgale
223,ParkExpert,Kungu iela 30,Vecrīga
228,ParkExpert,Baznīcas iela 14,Centrs
231,ParkExpert,Bruņinieku iela 75B,Avoti
237,ParkExpert,Tallinas iela 71,Grīziņkalns
242,ParkExpert,Ūdens iela 23,Dzirciems
247,ParkExpert,Kr. Valdemāra iela 47,Centrs
253,ParkExpert,Matīsa iela 67,Avoti
258,ParkExpert,Zvaigžņu iela 1,Grīziņkalns
