1,1,Any,MonthWhole,35.0,00:00,00:00,1,127,0
2,1,Any,HoursMultiple,5.0,00:00,00:00,24,127,0
4,3,Any,MonthWhole,40.0,00:00,00:00,1,127,0
5,3,Any,HoursMultiple,5.0,00:00,00:00,24,127,0
7,6,Any,HoursMultiple,105.0,00:00,00:00,3,127,0
9,8,Any,PerHour,1.0,00:00,00:00,1,127,1
10,8,Any,DayPart,4.0,08:00,20:00,1,127,0
11,8,Any,DayPart,3.0,20:00,08:00,1,127,0
12,8,Any,MonthWhole,35.0,00:00,00:00,1,127,0
14,13,Any,PerHour,1.0,00:00,00:00,1,127,1
15,13,Any,DayPart,3.0,06:00,00:00,1,127,0
16,13,Any,DayPart,2.0,00:00,06:00,1,127,0
18,17,Any,PerHour,1.0,00:00,00:00,1,127,0
19,17,Any,HoursMultiple,10.0,00:00,00:00,24,127,0
21,20,Any,PerHour,1.0,00:00,00:00,1,127,2
22,20,Any,DayPart,3.5,08:00,20:00,1,127,0
23,20,Any,DayPart,1.5,20:00,08:00,1,127,0
25,24,Any,PerHour,1.0,00:00,00:00,1,127,1
26,24,Any,DayPart,2.0,00:00,00:00,1,127,0
27,24,Any,MonthWhole,20.0,06:00,00:00,1,127,0
28,24,Any,MonthWhole,20.0,23:00,09:00,1,127,0
29,24,Any,MonthWhole,40.0,00:00,00:00,1,127,0
31,30,Any,PerHour,0.5,00:00,00:00,1,127,1
32,30,Any,DayPart,5.0,08:00,22:00,1,127,0
33,30,Any,DayPart,3.0,22:00,08:00,1,127,0
35,34,Any,PerHour,1.0,00:00,00:00,1,127,1
36,34,Any,DayPart,6.0,06:00,22:00,1,127,0
37,34,Any,HoursMultiple,30.0,00:00,00:00,3,127,0
38,34,Any,HoursMultiple,54.0,00:00,00:00,6,127,0
39,34,Any,HoursMultiple,96.0,00:00,00:00,12,127,0
41,40,Any,PerHour,1.0,00:00,00:00,1,127,1
42,40,Any,DayPart,6.0,08:00,20:00,1,127,0
43,40,Any,DayPart,3.0,20:00,08:00,1,127,0
44,40,Any,MonthWhole,25.0,00:00,00:00,1,127,0
46,45,Any,PerHour,1.0,00:00,00:00,1,127,1
47,45,Any,DayPart,4.0,08:00,18:00,1,127,0
48,45,Any,DayPart,2.0,18:00,08:00,1,127,0
49,45,Any,MonthWhole,30.0,00:00,00:00,1,127,0
50,45,Any,MonthWhole,60.0,00:00,00:00,1,127,0
51,45,Any,MonthWhole,108.0,00:00,00:00,1,127,0
53,52,Any,PerHour,1.0,00:00,00:00,1,127,1
54,52,Any,DayPart,4.0,08:00,18:00,1,127,0
55,52,Any,DayPart,2.0,18:00,08:00,1,127,0
56,52,Any,MonthWhole,30.0,00:00,00:00,1,127,0
57,52,Any,HoursMultiple,60.0,00:00,00:00,3,127,0
58,52,Any,HoursMultiple,108.0,00:00,00:00,6,127,0
60,59,Any,PerHour,1.0,00:00,00:00,1,127,2
62,61,Any,PerHour,1.0,00:00,00:00,1,127,2
64,63,Any,PerHour,2.0,00:00,00:00,1,127,2
65,63,Any,DayPart,10.0,00:00,00:00,1,127,0
66,63,Any,MonthWhole,60.0,00:00,00:00,1,127,0
67,63,Any,MonthWhole,40.0,06:00,23:00,1,127,0
68,63,Any,MonthWhole,40.0,23:00,09:00,1,127,0
70,69,Any,PerHour,1.0,00:00,00:00,1,127,1
71,69,Any,DayPart,3.0,08:00,20:00,1,127,0
72,69,Any,DayPart,1.5,20:00,08:00,1,127,0
74,73,Any,PerHour,2.0,00:00,00:00,1,127,2
76,75,Any,PerHour,1.0,00:00,00:00,1,127,1.5
77,75,Any,DayPart,4.0,08:00,22:00,1,127,0.0
78,75,Any,DayPart,2.0,22:00,08:00,1,127,0.0
81,80,Any,PerHour,1.0,00:00,00:00,1,127,1.0
82,80,Any,DayPart,6.0,08:00,20:00,1,127,0.0
83,80,Any,DayPart,3.0,20:00,08:00,1,127,0.0
85,84,Any,PerHour,1.0,00:00,00:00,1,127,1.0
86,84,Any,DayPart,2.0,00:00,00:00,1,127,0.0
88,87,Any,PerHour,1.0,00:00,00:00,1,127,1.0
89,87,Any,DayPart,4.0,08:00,18:00,1,127,0.0
90,87,Any,DayPart,2.0,18:00,08:00,1,127,0.0
91,87,Any,MonthWhole,36.3,00:00,00:00,1,127,0.0
